{
  "bindings": [
    {
      "authLevel": "function",
      "type": "httpTrigger",
      "direction": "in",
      "name": "req",
      "methods": [
        "get"
      ]
    },
    {
      "type": "http",
      "direction": "out",
      "name": "res"
    },
    {
      "type": "cosmosDB",
      "direction": "in",
      "name": "inputDocument",
      "databaseName": "afccosmosdatabase",
      "collectionName": "afccosmoscollection",
      "connectionStringSetting": "AzureWebJobsStorage",
      "sqlQuery": "select * from c where c.id={id}"
    }
  ]
}
